"true_a_rew","true_a_pun","true_K","true_theta","true_omega_f","true_omega_p","infer_a_rew","infer_a_pun","infer_K","infer_theta","infer_omega_f","infer_omega_p","X1","X2","X3","X4","X5","X6","X7","X8","X9","X10","X11","X12","X13","X14","X15","X16","X17","X18","X19","X20","X21","X22","X23","X24","X25","X26","X27","X28","X29","X30","X31","X32","X33","X34","X35","X36","X37","X38","X39","X40","X41","X42","X43","X44","X45","X46","X47","X48","X49","X50","X51","X52","X53","X54","X55","X56","X57","X58","X59","X60","X61","X62","X63","X64","X65","X66","X67","X68","X69","X70","X71","X72","X73","X74","X75","X76","X77","X78","X79","X80","X81","X82","X83","X84","X85","X86","X87","X88","X89","X90","X91","X92","X93","X94","X95","X96","X97","X98","X99","X100"
0.7723430426,0.974202948,0.4534147606,0.3797395428,-1.4311365478,-0.9269511746,0.192134475090329,0.93705993962086,0.589936640957458,0.445972143023925,-0.512586026226034,-1.05085385242926,2,1,4,4,4,1,2,2,2,2,1,2,2,2,2,2,2,2,4,2,4,2,2,2,2,2,2,4,2,4,2,2,4,3,3,1,3,3,3,3,3,3,3,3,3,3,3,3,3,3,3,3,3,3,3,3,3,3,3,3,4,3,3,3,3,4,4,4,3,3,3,4,4,4,3,3,3,3,3,3,1,3,3,4,4,3,4,4,3,4,4,4,3,4,4,4,3,4,3,4
0.8538051828,0.5187070149,0.8884002919,0.2338182042,-0.0813787889,0.6232347971,0.842852699138812,0.636568401516208,1.4001490846351,0.183980877852703,-1.98145037805898,1.033850000439,2,1,1,1,2,2,3,1,2,3,3,2,1,1,2,1,1,4,4,2,1,1,2,2,4,4,1,1,2,2,4,1,2,2,2,2,1,2,4,1,1,1,4,4,1,1,3,1,3,3,4,4,3,3,3,4,1,1,1,1,2,4,4,4,3,2,4,4,4,3,3,3,1,3,1,1,1,1,1,1,3,1,4,4,4,4,1,1,1,4,3,4,3,1,4,4,1,4,3,3
0.0315313683,0.1122839721,4.1901680519,4.3132236389,-0.6690257093,-1.5659247055,0.0128337594368114,0.170876802529696,2.83931118510244,1.29106677710875,-0.446097693009857,-2.0269835615951,2,2,2,2,1,2,2,2,2,2,3,3,3,2,2,2,2,2,2,2,3,4,4,2,2,4,4,2,2,2,2,2,3,4,4,2,2,4,4,2,3,4,3,4,3,4,3,3,4,3,3,4,4,4,3,4,3,3,4,3,4,3,4,3,4,4,3,4,3,3,4,3,3,3,3,3,3,3,4,3,4,3,4,3,4,4,4,3,4,4,3,4,4,3,4,3,3,3,3,3
0.9580757366,0.3748447744,3.9201643631,3.329634203,-1.3824559254,-1.0317704951,0.947207761325227,0.437605558354496,0.352893319655523,2.80418404094572,-1.55375159428229,-0.393609226747278,2,1,1,2,2,3,3,4,1,4,4,1,1,4,3,1,1,2,1,3,4,1,1,1,2,4,3,2,4,2,3,2,2,3,4,2,3,2,2,4,3,3,4,3,3,3,1,1,4,3,3,1,1,1,4,3,1,1,1,1,4,3,1,1,1,1,4,3,1,1,3,3,3,4,4,3,3,1,1,1,1,1,4,1,3,4,3,3,1,4,3,1,3,1,1,1,4,1,4,3
0.9706713159,0.7458527094,3.2325836838,3.1665275879,1.9309766861,1.4950637482,0.373634543271389,0.775043297937431,1.8358965088446,2.87358070840532,1.81876940974596,0.592644004726085,2,4,4,4,4,4,4,4,4,4,1,1,1,2,3,3,2,2,2,2,2,2,2,2,2,3,3,3,3,3,3,3,1,3,3,1,1,3,3,3,3,3,3,3,3,4,4,4,4,4,4,4,4,4,3,3,3,3,3,3,3,3,3,3,4,4,4,4,4,4,4,4,3,3,3,3,3,3,3,3,3,3,3,3,3,3,3,3,3,3,3,3,3,3,3,3,3,3,3,3
0.7411915886,0.5889769043,4.5550884294,1.047458892,-1.5440805832,-0.7670650185,0.782547850287422,0.714765825446379,2.06575453032034,0.631642785202004,-1.77862626870537,1.24547323234066,2,1,2,2,1,1,2,1,3,2,3,3,2,2,3,2,2,2,2,2,1,1,2,1,1,4,2,4,3,3,3,3,4,4,1,1,1,1,4,1,1,1,3,1,1,1,1,4,3,4,3,4,4,3,3,1,4,4,3,1,4,1,3,3,1,4,3,3,4,3,1,1,4,3,3,1,1,1,4,3,4,3,1,1,3,3,4,3,4,3,3,4,3,3,3,3,3,4,1,1
0.9572308158,0.1268107021,4.2781946517,3.7321605842,1.1229197849,0.5172833182,0.957371990726663,0.0902192688616485,1.7236448390123,1.5296492334482,1.06392111188589,2.82056326092461,2,3,3,3,3,3,3,3,3,3,3,3,3,3,3,3,3,3,3,3,3,3,3,3,3,3,3,3,3,3,3,3,3,3,3,3,3,3,3,3,3,3,3,3,3,3,3,3,3,3,3,3,3,3,3,3,3,3,1,1,1,1,1,1,1,1,1,1,1,1,1,1,2,2,2,2,2,2,2,2,2,1,1,1,1,1,1,1,1,1,1,1,1,1,1,1,1,1,1,2
0.5900663584,0.4609602134,2.8396696915,1.1466533378,-1.5987128348,-1.1757595052,0.613955951900545,0.801846660123481,2.05390965339672,0.400286075385024,-2.15575938521189,-0.106802452364935,2,2,1,2,1,1,1,2,2,1,1,3,3,3,2,2,2,4,2,2,2,4,1,4,4,4,4,4,3,1,1,1,1,1,4,4,3,4,1,4,1,3,1,1,3,3,1,1,1,1,3,1,1,1,1,3,4,3,1,4,3,1,4,3,1,4,3,3,4,4,3,3,1,1,1,1,3,4,4,3,3,4,4,4,3,1,1,1,1,3,3,3,3,1,4,1,4,3,3,4
0.5236880666,0.881469804,1.5983728282,3.1794064999,0.3080444135,-0.7395300013,0.527020685551822,0.671975061614709,2.46853235436014,1.53946046464623,0.500378767125806,0.122187911772119,2,1,3,1,3,3,2,2,2,2,2,2,2,2,2,2,4,3,4,4,4,4,4,3,3,4,3,4,4,4,1,3,1,1,3,3,3,3,3,3,3,3,3,1,3,1,3,3,3,3,3,3,3,3,3,3,3,3,3,3,3,3,3,3,3,3,1,3,3,3,3,3,3,3,3,3,3,3,3,3,3,3,3,3,3,3,3,3,3,3,4,4,4,4,4,4,4,4,4,3
0.5281768242,0.101929415,4.2012518352,0.0719738511,1.4565076112,0.6561154285,0.0970401961809586,0.0339691342293443,0.958424489744831,0.048073672834084,-1.53592135818208,2.34730410866866,2,1,2,4,1,3,1,1,3,3,2,2,1,3,2,2,2,2,2,2,2,2,2,2,2,2,2,1,2,2,2,1,2,2,2,2,2,2,2,2,2,2,3,1,3,1,1,3,1,3,1,1,2,2,4,4,3,4,4,3,3,4,1,1,4,1,1,3,2,2,2,3,1,3,1,1,1,4,3,1,1,1,1,3,3,3,2,1,1,3,3,4,2,2,3,4,4,4,4,3
0.1366365832,0.5320438585,2.4097975835,1.9974442638,1.2952836854,-1.5958540095,0.0448976121676494,0.53201481882728,3.51703997391667,1.74936714458217,1.94158504137772,-0.402575215597611,2,1,1,1,4,4,3,3,2,2,2,2,2,2,2,2,2,2,2,2,2,3,3,3,4,3,4,4,4,4,4,4,4,4,3,3,3,3,3,3,3,3,3,3,4,3,3,4,4,3,3,3,3,3,3,3,3,3,3,3,3,3,4,4,3,3,3,3,3,3,3,3,4,4,3,3,1,3,3,3,3,3,3,3,3,3,3,3,3,3,3,3,3,3,3,3,3,3,3,3
0.8505389487,0.4628733504,1.9538092251,1.3631575448,-1.1059752859,-0.4216383395,0.570919514453001,0.415242783392837,1.92476606743753,0.703912787514323,-1.34245205664616,-1.06456409662922,2,1,2,2,1,1,2,2,1,1,1,2,1,3,2,3,3,2,4,4,4,4,2,4,4,2,3,4,4,4,4,1,4,3,4,4,4,3,4,4,3,1,4,4,3,3,1,1,1,1,3,1,1,1,1,1,3,3,4,4,4,3,4,1,4,3,3,4,4,4,4,3,3,3,4,4,3,3,3,3,3,4,3,4,3,4,3,4,4,4,4,3,3,3,1,4,4,4,3,3
0.8613586125,0.7961754964,1.8383606163,1.8172707176,1.4434158372,-1.9569279024,0.963328462474117,0.967707268635682,2.16819048150592,1.70634268435014,1.73306555301015,-2.17121491208781,2,2,2,3,3,2,2,2,2,2,2,2,1,3,3,3,3,4,4,4,4,4,4,4,4,4,3,3,3,1,1,1,3,3,3,1,1,3,3,3,3,3,1,1,3,3,1,1,3,3,3,3,3,3,3,3,3,1,4,4,4,4,4,4,4,4,4,3,3,3,3,3,3,3,3,1,3,3,4,4,4,4,4,4,4,4,4,3,3,3,3,3,3,3,3,4,1,3,3,3
0.11221001,0.5539188888,2.0861845568,4.0133615276,-0.8183475782,-0.1675779865,0.201809478515144,0.717893076564744,3.0051780337882,1.92049535280295,-1.0069747390852,0.328157563664323,2,1,1,4,2,2,2,1,2,2,2,3,2,2,2,1,1,2,2,1,1,1,4,4,4,4,4,4,3,4,3,3,3,3,3,3,3,3,3,3,3,3,3,3,3,3,3,3,3,3,3,3,3,3,3,4,3,4,4,3,3,4,3,4,3,3,3,3,3,3,3,3,3,3,3,3,3,3,3,3,3,3,3,3,3,3,3,3,3,3,3,3,3,3,3,3,3,3,3,3
0.1932918073,0.2365707001,3.653247134,4.381374343,-0.8844655326,-1.5234438879,0.139849832478181,0.216692190382905,2.90858147884395,3.08996306651207,-0.981542205569991,-1.36176715599358,2,2,3,3,2,2,1,1,1,3,2,3,2,4,2,2,2,3,2,2,3,2,3,2,4,3,1,4,4,1,4,4,4,3,4,3,3,4,3,4,4,3,3,3,3,4,4,3,4,4,3,3,3,3,4,3,3,4,3,4,4,3,4,3,4,4,3,4,3,4,3,4,4,3,4,4,3,4,3,3,4,3,3,4,3,4,3,4,3,3,3,4,3,3,3,4,3,4,3,3
0.156000601,0.1928167158,2.3243967064,0.2984680129,-0.3254615933,-0.8866191362,0.157349310583065,0.0949627075026163,0.999812692403576,0.0286079166929644,-0.290181714158919,-0.942466573736469,2,2,2,2,2,1,2,2,2,2,2,2,2,2,2,2,2,2,2,2,2,2,2,2,2,2,2,2,2,2,2,2,2,2,2,2,2,3,4,4,3,4,4,4,4,4,4,4,4,4,4,4,4,4,3,2,2,3,2,4,4,2,2,4,2,2,2,2,3,3,3,3,1,1,1,4,4,4,3,4,3,4,3,2,2,2,3,2,2,2,4,3,2,2,2,4,3,4,4,3
0.2067565453,0.0840519329,2.5232540302,4.2699013267,-0.7716769736,0.6836235983,0.1945173103714,0.0889836603139081,2.9164277902508,3.78919163917972,-0.706115100790749,0.531251669180389,2,2,2,1,2,2,2,2,2,2,2,2,1,2,1,1,1,1,1,3,3,1,1,1,1,1,1,1,1,1,1,3,1,4,4,4,4,1,1,1,4,3,1,4,4,1,4,4,4,4,4,1,2,2,2,3,3,3,3,3,1,4,4,3,4,4,3,4,4,4,1,4,4,3,3,3,4,3,3,4,3,3,4,4,3,1,4,4,4,4,1,4,1,4,4,1,1,1,3,4
0.3379077649,0.9445621278,4.8246716611,3.8166387718,-1.5831862196,1.7473958858,0.301239718530196,0.739160793151975,0.772243672062926,3.88413794408522,-1.45817449381461,0.627078687377651,2,2,1,1,2,1,2,3,2,3,2,3,3,2,2,2,3,3,2,2,2,4,3,4,3,4,3,3,3,3,3,4,3,3,3,3,3,3,4,4,3,3,3,1,3,3,3,3,3,3,1,1,3,3,3,3,3,3,3,3,3,3,3,3,3,3,3,3,3,3,3,3,3,3,3,3,3,4,3,3,3,3,3,4,3,3,4,3,4,3,3,4,3,3,3,3,3,3,3,3
0.3075166245,0.5101613445,1.795367967,2.7278039475,0.6177154371,-0.8253906422,0.273724931438724,0.806502155911097,0.682019814659944,1.32980369369868,0.313845136382799,1.35048309814675,2,2,4,1,4,4,2,3,1,2,3,2,2,2,2,2,2,2,4,3,4,4,4,4,3,4,4,3,3,3,3,3,3,1,3,3,3,3,3,3,3,3,3,3,3,4,3,3,3,3,3,3,3,3,3,3,3,3,3,3,3,3,3,3,3,3,3,3,3,3,3,3,3,3,3,3,3,4,3,3,3,4,4,3,3,3,3,3,3,3,3,3,4,4,4,4,3,1,3,3
0.0589791149,0.0126611071,1.9098260047,4.1785642203,-0.3628924853,-0.9676444503,0.214523758168257,0.00561763542911673,2.38175548425533,1.16345705440813,-0.668762649063685,-3.0445927686648,2,1,1,1,2,2,2,1,3,2,1,2,2,1,3,3,1,2,2,2,2,2,2,3,1,1,3,2,1,1,1,1,1,1,1,1,1,1,2,1,1,2,2,2,2,1,1,1,1,2,1,1,1,1,1,1,2,2,2,2,2,2,2,2,4,1,1,1,2,2,1,2,2,1,4,4,1,2,2,2,4,1,2,1,1,1,1,1,2,4,2,2,1,1,1,2,1,1,1,2
0.0914783329,0.947024461,2.263083719,1.2003044647,1.8259773346,-1.4927833929,0.00813833294821188,0.834174890307767,3.28193135803279,1.5363049533899,3.52900599695474,-0.473927686737961,2,1,1,1,1,1,3,3,2,2,4,4,2,2,2,2,2,2,2,2,2,2,2,2,2,2,2,2,2,4,4,4,4,4,4,4,4,3,3,3,3,3,3,3,4,3,3,4,4,3,3,3,3,3,3,3,3,3,3,3,1,3,3,3,3,3,3,3,3,3,3,1,4,3,3,3,4,3,3,3,3,3,3,3,3,3,4,4,3,3,3,3,3,3,3,3,3,3,4,3
0.9218871511,0.1841529214,4.7652373635,0.0977321809,1.9070884442,1.6027233495,0.570143083286218,0.15078885818093,1.55780057340282,0.0713442640031147,0.932138459457613,1.83397546656025,2,2,1,3,2,3,4,4,4,4,1,4,2,4,1,2,4,3,1,2,2,2,4,3,2,2,3,4,2,2,2,2,2,4,4,3,3,2,2,2,4,2,2,4,3,4,4,4,4,3,4,1,4,4,4,3,2,2,1,2,4,4,3,4,4,4,3,3,3,3,3,2,2,2,2,4,2,4,1,2,3,2,2,2,2,2,4,4,4,3,3,3,3,3,3,3,4,4,3,3
0.0707063327,0.4549461418,4.5929676818,3.3644670678,-1.7694345412,1.9557599677,0.129362095696678,0.83914862011723,1.02360449006167,1.5128542981972,-1.95346273810161,3.11508223412597,2,1,4,4,2,4,4,1,3,3,4,3,3,3,3,1,1,1,1,2,2,2,2,2,4,4,2,2,2,2,4,4,4,3,3,3,3,3,3,3,3,3,3,3,3,3,3,3,3,3,3,3,3,3,3,3,3,3,3,3,3,3,3,3,3,3,3,3,3,3,3,3,3,3,3,3,3,3,3,3,3,3,3,4,3,4,3,3,3,3,3,3,4,4,4,4,4,3,4,1
0.4787953564,0.862392461,1.9315032795,0.7583512134,-1.2256821025,-0.2619919189,0.582355087398007,0.798005685319318,2.13714512916227,0.727127643959225,-0.5776045781572,-0.223237217951703,2,1,2,2,1,1,1,1,1,2,2,2,2,2,2,2,2,2,2,2,2,2,2,2,2,2,2,2,2,2,2,2,2,2,4,4,3,3,3,3,3,3,4,4,3,3,4,3,4,3,4,3,3,3,3,3,3,3,3,3,3,3,3,3,3,3,3,3,3,4,3,3,4,4,4,4,3,4,3,3,4,4,4,3,3,3,3,4,3,3,3,3,3,3,3,3,3,3,3,3
0.4909693645,0.1776480923,3.7305856126,3.451864229,-0.260111106,-1.7602066337,0.715953572106696,0.341773252575168,0.871946999773684,2.12331893944497,-0.534087555559469,-1.34447215978431,2,1,1,2,4,1,1,4,4,3,3,4,1,3,3,1,4,4,3,3,3,4,2,3,2,2,2,2,2,4,2,3,2,4,2,2,2,2,2,3,4,3,3,1,1,1,4,4,3,4,3,4,3,4,4,4,3,4,4,3,4,3,1,1,3,3,3,1,3,1,3,4,4,3,3,3,4,1,4,4,1,3,4,3,4,3,4,4,3,1,1,1,3,4,3,3,3,1,4,3
0.1343082035,0.2680249302,1.5510445438,3.900925533,-0.9544720516,0.1374045709,0.169271563888016,0.502295638525086,2.43857202508483,1.32114499915353,-0.909399860745035,0.120738410582762,2,2,1,1,1,1,1,3,3,3,4,4,4,4,2,2,4,4,2,2,2,2,2,2,2,2,4,3,4,3,3,3,3,3,3,4,3,3,3,3,3,3,3,3,3,3,3,3,3,4,4,3,3,4,3,4,3,4,3,3,4,3,3,3,3,3,3,3,3,4,3,3,3,3,3,3,3,3,4,4,4,3,3,3,3,3,3,3,3,3,3,3,3,3,3,3,3,3,3,3
0.3600777495,0.0834346165,3.2494122826,0.2877388308,0.1103394866,1.5271724786,0.31119360184009,0.089052942157189,0.903510941490164,0.0284537693300042,0.712232132604271,0.595273075706761,2,4,4,2,1,1,3,4,2,4,2,4,4,4,4,1,4,1,1,1,2,2,2,2,2,2,2,2,2,2,2,2,2,2,2,2,2,2,2,2,2,2,2,2,2,4,4,4,3,3,4,4,4,4,4,4,2,4,3,4,4,4,4,4,4,4,4,1,4,4,4,4,4,4,3,4,4,4,4,3,3,3,2,3,3,2,2,2,3,4,4,4,4,4,3,3,4,4,1,4
0.1155208025,0.1569281862,0.9675390735,3.7909596335,-0.0638500192,1.4412147699,0.279565552854518,0.199549692111325,0.372299361907494,1.28745481321479,0.39006866900454,2.12895239840492,2,2,4,4,2,4,2,2,2,2,2,2,4,4,4,4,4,4,4,4,4,4,4,4,4,4,4,4,4,4,4,4,4,4,4,4,4,4,4,4,4,4,4,4,4,4,4,4,4,4,4,4,4,4,4,4,3,1,1,1,1,1,1,1,1,3,3,3,3,1,3,3,3,3,3,3,3,3,3,3,3,3,3,3,3,3,3,3,3,3,3,3,3,3,3,3,3,3,3,3
0.5878563092,0.504620064,1.5954710071,3.3062857165,0.5449346732,-0.7979137228,0.446037608751083,0.428060801331243,0.67644665313691,1.90967093452278,0.290935179869183,0.218384184918333,2,1,1,2,4,4,4,1,3,3,3,4,4,4,4,4,4,3,3,3,2,2,3,2,2,2,2,2,2,2,2,3,1,3,3,3,1,3,3,3,3,3,3,3,3,3,3,3,3,3,3,3,3,3,3,3,3,3,3,3,3,3,3,3,3,3,3,3,3,4,3,3,3,3,3,3,3,3,3,3,3,3,3,3,3,3,3,3,4,4,3,4,4,4,4,4,4,4,4,3
0.5947907566,0.3291329995,1.6054895552,3.7874504881,-1.0650401777,-1.8121718381,0.703089791054816,0.314750507935279,1.67931907690568,2.59741868665458,-0.875514729447787,-3.37710203650116,2,1,2,2,3,1,1,1,2,2,1,2,1,1,2,2,3,3,3,3,3,2,4,3,1,1,1,4,1,3,4,4,1,3,4,1,1,3,4,3,3,4,1,3,4,3,3,4,1,3,4,3,1,4,4,1,3,3,1,4,3,4,4,3,4,4,3,3,1,3,4,3,4,3,4,4,3,3,4,3,4,1,3,1,4,3,4,4,1,4,4,3,1,3,3,3,4,4,4,1
0.3976243039,0.7828700897,0.064524775,2.247780422,-0.8550120814,-0.0210799464,0.365087828608433,0.549762789759578,0.568928171767655,2.81671217630602,-0.769147794073179,-0.455260660471216,2,1,3,1,3,1,1,3,3,3,4,1,1,1,3,2,2,2,4,4,4,2,2,4,4,2,4,2,2,2,4,2,3,3,3,3,3,3,3,3,4,4,3,3,4,3,3,3,3,4,3,4,3,4,3,3,3,3,3,3,3,4,3,4,1,3,3,4,3,4,3,4,3,3,4,3,4,3,3,4,3,3,3,3,3,3,3,3,3,3,3,3,3,4,3,4,4,3,3,4
0.7847638581,0.2945319929,4.3714697536,4.1212763044,1.910852144,1.3073763658,0.963421945255375,0.172185805743556,2.26338907128626,2.59626847479284,1.01180744079274,-0.314853705199251,2,2,2,2,2,2,2,2,2,1,3,3,3,3,3,3,3,3,3,3,3,3,3,3,3,3,3,3,3,3,3,3,3,3,3,3,3,3,3,3,3,3,3,3,3,3,3,3,3,3,3,3,3,3,3,3,3,4,4,4,4,4,4,4,4,4,4,3,3,3,3,3,3,3,3,3,3,1,1,1,1,1,3,3,3,1,1,1,1,3,4,4,4,4,4,4,4,4,4,4
0.4496342512,0.8597063768,1.8197342214,4.0060795707,1.2743328507,-0.2824177655,0.52818713309818,0.730853670866332,1.64077417295703,2.77021283230817,1.70793123786682,1.68465077082911,2,1,1,2,4,4,4,4,4,4,4,4,4,2,3,3,2,2,2,2,2,2,2,2,2,3,1,3,3,3,3,3,3,3,3,3,3,3,3,3,3,3,3,3,3,4,4,4,4,4,4,4,4,4,3,3,3,3,3,3,3,3,3,3,3,3,3,3,3,3,3,3,4,4,4,4,4,4,4,4,3,3,3,3,3,3,3,3,3,3,3,3,3,3,3,3,3,3,3,3
0.1879046214,0.495248517,3.9474637811,1.9403984707,-1.295486563,1.6530882644,0.116765362470464,0.370490705514319,1.93617602544732,1.28994510450109,-0.940021462717995,0.146042184369692,2,2,3,1,1,1,2,3,3,1,1,2,2,2,2,2,2,2,2,2,2,2,4,4,4,4,3,3,4,3,3,3,4,3,3,3,4,4,3,3,3,3,3,3,3,3,3,3,3,3,3,3,3,3,3,3,3,3,3,3,3,3,3,3,3,3,3,3,3,3,3,3,3,3,3,3,3,4,3,3,3,3,3,3,3,3,3,3,4,4,3,4,4,4,3,3,3,3,3,3
0.0042583285,0.1712048561,0.7620909193,1.0658069109,0.9798705912,0.6036241014,0.0355010004114567,0.48767303618654,1.73595155519399,0.398274525505444,0.917267724951308,2.00995630091004,2,1,1,1,1,2,4,4,4,3,3,3,4,2,4,4,4,2,4,2,2,3,4,3,2,3,3,2,3,2,4,2,2,3,3,3,3,3,3,3,4,4,1,3,3,3,3,3,3,3,4,4,4,3,4,4,4,4,4,4,4,3,3,3,3,3,3,3,4,3,3,3,3,3,4,4,4,4,4,4,3,3,3,4,4,3,3,3,3,4,3,3,3,3,3,3,3,3,3,3
0.6542780577,0.8887702553,0.6202788965,1.4248068481,1.1853070024,-1.7729911367,0.732069788383339,0.7598501889366,1.01518418720566,1.59083933070573,1.28135342288141,-3.18753995156429,2,1,1,2,4,4,3,2,2,2,2,2,2,2,2,2,2,2,2,4,4,4,3,4,1,4,4,4,4,4,4,4,1,1,1,1,3,4,3,4,4,4,4,4,4,4,4,4,4,1,4,3,3,3,3,3,1,3,4,3,4,4,3,4,4,4,4,4,4,4,4,3,3,3,3,3,3,4,4,4,4,4,4,4,4,3,3,3,3,3,3,4,4,4,4,4,4,4,4,4
0.2275819644,0.8239301412,3.505006465,3.4148220721,-0.8612827564,0.2926056633,0.804111594992006,0.941838784573523,0.254738032958157,1.45498181140389,-0.324084407578179,1.39628625531433,2,3,3,1,1,1,1,1,3,4,4,4,4,4,2,2,2,2,2,2,2,2,2,2,2,2,2,2,2,2,2,2,2,3,3,3,3,3,3,3,3,3,3,3,3,3,3,3,3,3,3,3,3,3,3,3,3,3,3,3,3,3,3,3,3,3,3,3,3,3,3,3,3,3,3,3,3,3,3,3,3,3,3,3,3,3,4,4,4,4,4,4,4,4,4,4,3,1,3,3
0.9319200524,0.35797658,1.2188029992,4.742680623,0.1848255965,0.0605544566,0.962248019558204,0.391703960346044,2.15062966459893,2.09215841875315,0.479373508811691,0.8617161441534,2,1,1,1,1,2,3,3,3,3,3,2,2,2,2,2,2,2,2,3,4,4,4,4,4,4,4,4,4,3,3,3,3,4,4,4,4,4,4,4,4,4,3,3,3,3,3,3,4,4,4,4,4,4,4,4,3,3,3,3,3,3,3,3,3,3,3,3,3,3,3,3,3,1,3,1,1,3,3,3,3,3,3,3,3,3,3,3,3,3,3,3,3,3,3,3,3,3,3,3
0.7038801048,0.280490275,4.2995306831,0.3845016544,-0.7165489758,-1.1349571993,0.943036354211418,0.218291330606466,1.88385700915427,0.176000082833679,-0.710467068001464,0.759004848528237,2,2,1,2,1,2,1,1,1,2,2,2,2,1,1,1,2,2,2,2,2,2,2,2,2,2,2,2,2,2,2,2,2,2,4,4,4,4,3,4,1,1,4,3,1,4,1,4,4,4,1,1,1,2,2,2,2,4,1,3,4,3,4,4,2,2,2,2,2,2,2,2,2,2,2,2,2,2,2,4,4,3,1,3,3,3,3,3,3,1,1,1,1,1,4,4,4,3,4,4
0.6224022079,0.0363440679,1.7894267159,1.0838844996,-0.9132933857,1.3968750374,0.930752114538681,0.0972356516464625,0.377998526546796,0.478036563020266,-1.95947393740412,1.63049852137527,2,1,1,1,1,3,4,4,4,4,1,1,1,1,3,3,1,2,2,4,1,1,1,1,2,2,2,1,1,1,1,1,1,1,3,3,1,1,1,1,2,2,2,1,2,3,1,2,2,1,1,2,1,4,1,2,2,3,1,1,4,1,1,1,1,1,1,1,1,1,1,3,3,2,1,1,2,2,2,1,1,1,1,1,1,1,1,1,2,1,4,4,3,1,1,1,1,1,1,1
0.8121783274,0.133973207,4.4724774147,3.086302212,-0.5884099337,1.6721226755,0.96000933463286,0.108869922865616,2.02162797932645,3.35791284622301,-0.612157968085084,0.514405713328237,2,1,1,1,1,1,1,1,1,1,1,1,1,1,1,1,1,1,2,2,2,2,1,1,2,2,2,1,1,1,1,1,1,1,1,1,1,1,1,1,1,1,1,4,1,1,1,1,1,1,1,1,1,1,1,1,1,1,1,1,1,1,4,4,3,1,1,1,1,1,1,1,1,1,1,1,1,1,2,2,2,2,1,2,2,2,4,4,4,4,4,4,4,3,4,4,4,4,4,4
0.0339639103,0.4409121811,2.1966122509,0.9759602681,-1.2237443352,0.8176479587,0.00837982654679656,0.33146761656535,0.453503223627385,0.825991468580844,0.660387707867579,-0.819345223127089,2,1,1,1,1,1,3,2,2,4,2,2,2,2,2,2,2,2,2,2,4,4,4,2,2,2,2,4,2,2,4,2,2,2,2,2,2,4,4,4,4,4,4,4,4,4,4,3,3,3,3,3,3,3,3,3,3,3,3,3,3,3,3,3,3,3,3,3,3,3,4,4,3,4,3,3,3,3,3,3,3,3,3,3,3,3,3,3,3,3,3,3,3,3,3,3,3,3,3,3
0.1987486344,0.2347733427,4.7120241921,2.4710679533,-1.520933596,-0.7379517563,0.226608598118311,0.295141723247264,0.352501289915518,1.69421369938098,-1.46857403648199,-0.474551951494324,2,1,1,1,1,4,2,2,3,1,1,1,2,2,1,2,2,3,2,2,2,1,2,2,2,3,4,3,2,2,2,2,4,4,3,3,4,4,3,3,4,4,3,3,4,3,3,3,3,4,3,3,4,3,4,4,3,4,4,3,4,3,3,4,4,3,4,3,4,3,3,4,3,3,4,3,4,3,3,4,3,4,3,3,4,4,4,3,4,1,3,3,3,3,3,3,3,4,3,3
0.3671281832,0.5783810765,0.6324502315,4.5330529812,1.7398608619,-0.8767868585,0.687066131932529,0.710920198004694,2.65397131711417,3.030814842989,2.34514005758679,-0.102684240474879,2,1,1,2,2,2,2,2,2,2,2,2,3,4,4,4,4,4,4,4,4,4,3,1,3,3,3,3,1,3,3,3,3,3,3,3,1,3,3,1,1,3,3,3,3,3,1,3,3,4,4,4,4,4,4,4,4,4,4,3,3,3,3,3,3,3,3,3,3,3,3,3,3,3,3,3,3,4,4,4,4,4,4,4,4,3,3,3,3,3,3,3,3,3,3,3,3,3,3,3
0.8802272314,0.5973738786,4.6355758874,0.5118018269,-0.9966385224,0.9169706497,0.830999530090623,0.866989094938969,1.68954884875892,0.233200641689937,-0.921519451864982,-0.11965924024865,2,2,1,1,1,1,1,1,1,1,1,2,4,2,3,2,2,2,2,2,2,2,2,3,2,3,2,2,2,2,2,2,2,2,2,4,2,2,2,2,2,2,2,2,2,1,2,2,1,1,4,3,4,4,3,3,4,3,4,4,3,4,3,3,4,3,3,3,3,4,1,3,1,3,1,3,3,3,4,4,3,3,3,3,2,2,3,2,2,3,3,3,3,3,3,3,4,3,3,3
0.2842315126,0.3913545952,2.7917475513,1.7617380367,-1.4895548255,0.4220983151,0.181233524650076,0.313674182248444,0.4326637205551,1.1438940393845,-0.431058964967315,-0.423876161143858,2,3,3,2,2,1,1,2,2,2,2,2,2,2,2,2,2,2,2,2,2,2,2,2,2,4,4,3,4,4,3,4,4,4,4,4,3,3,3,3,3,3,3,3,3,3,3,3,3,3,3,3,3,4,4,4,4,4,3,4,3,4,3,4,3,3,3,3,3,3,4,4,4,4,3,4,3,3,4,3,3,3,3,3,3,3,3,3,3,3,3,3,3,3,3,4,3,3,4,3
0.4855838712,0.0793704792,4.3100243098,1.0370112078,-1.6145571395,0.662077997,0.803910253338764,0.0797150564994267,1.68508173665106,0.360564062365277,-2.68252262486306,0.340563513944735,2,1,1,2,3,1,4,2,1,2,4,4,3,3,1,1,2,2,2,4,4,1,3,2,1,2,1,1,1,1,1,4,4,1,1,4,3,3,3,1,1,1,1,2,2,2,1,2,1,1,1,1,1,4,4,4,3,3,3,1,2,1,1,1,1,1,1,1,1,1,2,2,2,2,2,2,1,2,2,2,2,2,1,1,1,3,3,1,1,1,1,3,3,1,1,1,1,1,1,1
0.6577309377,0.8824169901,0.2037507527,1.4702360891,1.7349716934,0.3550665453,0.774894686739245,0.677581673660633,1.60038794194205,1.2383251422019,1.36594829140903,1.28922561245576,2,4,3,3,4,2,2,2,2,2,2,2,2,4,4,4,4,4,4,4,4,4,1,1,1,3,3,3,3,3,3,3,1,3,3,1,1,3,3,3,3,3,3,3,3,4,4,4,4,4,4,4,4,4,3,3,3,3,3,3,3,3,3,3,3,3,3,3,3,3,3,3,3,3,1,3,3,3,3,3,3,3,3,3,3,3,3,3,3,3,3,3,3,3,1,3,3,3,3,3
0.5585675052,0.8107258374,2.7901777615,3.4673340945,-0.5011333923,1.135327883,0.834167375781387,0.793943755367052,0.269261420365785,1.57165148781095,-0.308837323403033,1.57869160175086,2,1,1,1,3,2,2,2,2,3,2,2,2,2,2,2,2,2,3,3,4,4,4,3,4,4,3,4,4,4,4,4,4,4,3,3,3,3,1,1,1,3,3,3,3,3,3,3,3,3,3,3,3,3,3,3,3,3,3,3,3,3,3,3,3,3,3,3,3,3,3,3,3,3,3,3,3,3,3,3,3,3,3,3,3,4,4,4,4,4,4,4,4,4,3,1,1,1,1,3
0.0244415018,0.9186710217,4.9388021711,4.0596715501,0.805801371,1.4946813134,0.275623331012772,0.774924712983419,0.422310211416385,1.03385924252975,0.114070399351502,3.08723784659599,2,2,2,2,3,4,3,4,3,3,1,1,1,4,4,4,4,4,4,2,4,2,2,2,2,2,3,3,3,3,3,3,3,3,3,3,3,3,1,3,3,3,3,3,3,3,3,3,3,3,3,3,3,3,3,3,3,3,3,3,3,3,3,3,3,3,3,3,3,3,3,3,3,3,3,3,3,3,3,3,3,3,3,3,3,4,4,4,4,4,4,4,4,4,4,4,1,1,1,1
0.9682471382,0.3501401526,1.4814465065,1.6959709039,0.8935664273,-0.590767232,0.970158647470277,0.582471050568842,1.99343755928809,0.488490114265179,2.08628500460275,-0.0968971800935794,2,3,3,1,1,1,3,2,2,2,2,2,2,4,2,2,4,3,3,3,3,3,3,1,4,4,4,4,4,1,4,4,4,4,4,3,1,3,3,4,3,3,4,4,4,3,3,1,3,3,4,3,4,4,4,4,4,4,4,3,3,4,3,3,3,3,3,3,3,3,1,4,4,4,4,4,4,4,4,3,3,3,3,3,3,1,3,2,2,3,3,2,2,2,3,2,2,3,3,3
0.0684118264,0.5016031883,0.7804301896,3.783584258,-0.5795538626,1.3331995796,0.929755268742472,0.637830344836321,1.12501022307393,1.34872596678412,-0.166298459046491,3.36029273512324,2,2,2,1,1,1,1,2,3,3,2,2,4,3,4,3,3,3,3,2,2,2,2,4,4,4,4,4,4,4,4,4,3,3,3,3,3,3,3,3,3,3,3,3,3,3,3,3,3,3,3,3,3,3,3,3,3,3,3,3,3,3,3,3,3,3,3,3,3,3,3,3,3,3,3,3,3,3,3,3,3,3,3,3,3,4,4,4,4,1,1,1,1,4,4,4,4,4,4,4
0.9635493985,0.3145844778,3.6065062241,0.952114165,0.1294879158,1.2171317687,0.914352599894036,0.575336097790398,0.673696761653681,0.542899766050003,-0.441236582687041,1.7464863239178,2,2,2,2,2,2,2,2,2,2,2,2,2,2,1,1,1,1,2,2,2,2,2,2,2,2,4,4,4,4,1,1,1,1,1,1,1,1,4,4,4,4,4,3,4,3,3,4,3,1,4,4,3,1,4,4,4,4,3,1,1,3,3,3,1,3,4,3,3,3,4,4,4,4,3,4,4,4,4,3,4,3,3,3,1,1,3,1,3,1,1,3,3,3,1,1,3,3,1,3
0.9529239195,0.6341248252,1.4694992413,3.5677449771,-1.5370290082,-1.8404631487,0.98181163298612,0.576514189044776,3.57081083206715,3.1463154241033,-1.48277865552262,-0.771643434650313,2,1,2,2,1,4,2,1,2,4,1,2,2,3,2,3,4,4,3,3,2,4,3,3,2,4,4,3,4,3,4,3,4,4,3,1,3,3,4,1,1,4,3,1,1,3,4,3,4,3,4,3,3,4,3,3,4,3,4,3,4,3,4,3,4,3,4,3,3,4,3,4,3,3,4,3,4,3,3,3,4,3,4,3,4,3,4,3,4,3,3,4,1,3,3,3,1,1,3,1
0.3709825992,0.0363391061,3.0932050063,1.5547132381,-0.7801737788,0.1781826943,0.189276622758905,0.00502867586864728,0.761725975742989,0.719876466041236,-1.39541751120553,1.22112336188006,2,1,1,1,3,1,3,2,4,4,1,1,2,2,2,1,2,3,1,1,2,3,2,2,4,2,2,1,1,2,1,1,1,1,1,1,1,1,2,1,2,2,1,1,1,4,2,2,2,2,2,1,2,1,1,2,1,1,2,2,2,2,2,1,1,1,2,2,2,1,1,2,1,1,1,2,1,1,1,2,2,2,2,2,4,2,2,2,2,1,1,2,1,1,2,2,4,1,1,1
0.8887420626,0.9633441359,3.3293970728,1.6171823779,1.2566803141,-1.1824793338,0.523394901361727,0.648963756024521,1.53980038567871,2.07653118717722,1.41560180097437,-1.06045924557873,2,2,2,2,2,2,2,2,2,1,4,4,4,1,4,4,4,4,4,4,1,1,3,3,3,1,1,3,3,3,3,3,3,3,3,1,3,3,3,1,1,3,3,3,3,3,1,3,1,3,4,4,4,4,4,4,4,4,4,3,3,3,3,3,3,3,3,3,3,4,4,4,4,4,4,4,4,3,3,3,3,3,3,3,3,3,3,3,3,3,3,3,3,3,3,3,3,3,3,3
0.1227874055,0.1168611777,2.0890852462,4.5209695179,-1.6505746666,1.753317469,0.114174481333211,0.171228376233197,1.63609317121197,2.99727235842849,-2.10651545720656,2.64483330319516,2,1,4,4,1,2,1,1,1,1,1,3,3,3,3,2,2,2,2,4,4,2,2,1,1,1,1,1,4,1,1,1,3,2,2,2,4,3,4,4,4,1,1,1,1,1,1,1,1,1,1,1,1,4,4,3,3,3,3,3,3,3,4,4,4,4,3,3,3,3,3,3,4,4,4,4,4,3,4,4,3,3,3,3,4,4,4,4,3,3,1,1,1,1,1,1,1,1,1,1
0.9949623935,0.0289673776,3.3540141812,1.8247152346,1.4558206544,-0.8652461095,0.942924703142381,0.0250542357566619,1.72566529786712,1.50319920609926,1.64830042972998,-0.684621739160642,2,2,2,2,2,2,2,2,2,2,2,2,1,1,1,1,1,1,1,1,1,1,1,1,1,1,1,1,1,1,2,2,2,2,2,2,2,2,2,2,4,2,2,2,1,4,2,2,2,2,2,2,2,2,2,2,2,2,2,2,2,4,4,1,1,1,2,1,1,1,1,2,1,1,2,2,2,2,2,1,1,1,2,1,2,2,2,2,2,2,2,2,1,1,2,2,2,2,2,2
0.3953427292,0.8017282282,2.1247755559,2.3204251842,0.7996660076,0.9447070099,0.731755423614533,0.382908846446498,1.82428705544792,2.00268727026843,0.820811172288814,-0.264306334686069,2,1,1,2,1,2,4,4,4,4,4,4,4,4,4,2,2,2,2,2,2,2,2,2,3,1,3,3,3,3,3,3,3,3,3,3,3,4,4,4,4,4,4,4,4,4,3,3,3,3,3,3,3,3,3,1,3,3,3,3,3,3,3,3,3,3,3,3,3,3,3,3,3,3,3,3,3,3,3,3,3,3,3,3,3,3,3,3,3,3,3,3,3,3,3,3,3,3,3,3
0.1429581254,0.4336955733,4.8398506411,0.8282886603,1.7430125256,0.9028475933,0.0986756533782229,0.891980773555522,3.02864503278568,0.850992448378122,0.427211946032565,0.129200446148211,2,4,3,4,4,3,4,1,1,3,4,3,2,1,2,4,2,2,4,4,4,4,4,2,4,2,2,2,2,2,2,2,2,2,2,2,2,2,2,3,3,3,3,3,3,3,3,3,3,3,3,3,3,3,3,3,3,3,3,3,3,3,4,4,4,3,3,3,4,4,3,3,3,3,4,4,3,3,3,3,3,3,3,3,3,3,3,3,3,3,3,3,3,3,3,3,3,3,3,3
0.8332652727,0.8765701467,2.2067047733,3.2348383079,-1.9537009954,0.7731526857,0.873174324847897,0.944567367290334,2.60370189110513,3.03960226318228,-2.19746012411857,-0.313689758260002,2,1,2,1,2,1,1,2,1,1,3,2,4,2,4,2,4,2,3,4,3,3,4,3,4,3,4,3,4,3,4,3,4,4,3,3,4,3,4,3,3,4,3,4,3,4,3,4,4,1,3,1,1,4,3,1,1,3,4,3,4,4,3,4,3,4,3,4,3,4,3,4,3,3,4,3,4,3,4,3,3,4,3,4,3,4,3,4,3,3,4,4,3,3,4,3,4,3,4,3
0.9311196553,0.4370655625,2.7439334309,1.3082157188,1.7371281724,0.6600851631,0.670952076931317,0.383263275787966,2.06972368051606,1.00398289702665,1.39613305104802,0.890965081652793,2,2,2,2,2,2,2,2,2,1,1,3,3,1,3,3,1,3,1,3,3,4,3,3,3,4,4,4,4,4,4,4,4,4,3,3,3,3,1,3,4,4,4,4,4,4,4,4,4,3,4,4,4,4,1,4,4,4,4,4,3,4,4,4,4,4,3,3,3,3,3,3,3,3,3,3,3,3,3,3,3,3,3,3,3,3,3,3,3,3,3,3,3,4,4,4,4,4,4,4
0.7125994617,0.8666147363,2.5629467428,1.1809251882,-0.4078529867,-1.8132838418,0.591493449407807,0.735627454684597,2.10367740933666,1.50466473871223,-0.21821368247053,-1.60970513711199,2,2,2,4,4,2,2,2,2,2,2,2,2,4,2,4,4,2,4,2,2,4,3,4,4,4,1,1,4,3,3,4,3,3,3,3,1,3,3,3,4,3,4,3,3,4,4,4,3,3,4,3,3,4,4,4,3,3,3,3,3,3,3,3,3,3,3,3,3,4,3,3,4,4,4,3,4,3,4,4,3,4,3,3,3,3,3,3,4,4,3,4,3,4,3,4,3,3,3,3
0.3848817575,0.6606100813,3.9421755362,2.2995954395,0.9495144296,1.9257738443,0.517111151140577,0.318272737047929,1.01196633088395,1.05387436993408,1.4246330706432,1.25009174599894,2,3,2,3,2,3,3,3,3,3,3,3,3,3,3,2,2,2,2,2,2,2,3,3,1,1,1,1,3,3,3,3,3,4,4,4,4,4,4,4,4,4,4,3,3,3,3,3,3,3,3,3,3,3,3,3,3,3,3,3,3,3,3,3,3,1,3,3,3,3,3,3,3,3,3,3,3,3,3,3,3,3,3,3,3,3,3,1,3,4,4,4,4,4,4,4,4,4,4,3
0.8676562226,0.285739372,2.2265425283,1.4695884426,1.9353528588,-0.0040426457,0.665577350753696,0.51524635160281,0.310577379725912,1.3340840006796,0.577864015049485,1.78302500351844,2,4,3,4,3,4,3,3,3,3,4,4,4,4,4,4,4,3,1,1,1,3,3,3,3,1,3,3,3,3,3,3,3,3,3,3,3,3,3,3,3,3,3,3,3,3,3,3,3,3,3,3,3,3,3,4,4,4,4,4,4,4,4,4,3,3,3,3,3,3,3,3,3,2,2,2,3,3,2,3,3,2,2,2,3,2,3,4,4,4,4,4,4,4,4,3,3,3,3,3
0.0433759346,0.8169298152,3.5420488381,3.8380228024,-0.2250263347,-1.4874457393,0.325876560959265,0.950272837641427,0.282828134184246,1.2838848523483,-0.157275263503021,1.41568157634789,2,2,3,2,3,2,1,2,2,2,2,4,2,2,2,2,2,1,4,2,2,2,2,2,2,4,4,4,4,3,3,1,3,3,3,3,3,3,3,3,3,3,3,3,3,3,3,3,3,3,3,3,3,3,3,3,3,3,3,3,3,3,3,3,3,3,3,3,3,3,3,3,3,3,3,3,3,3,3,3,3,3,3,3,3,3,3,4,4,4,4,4,4,4,4,3,3,1,3,3
0.3485802903,0.576138297,0.5722047308,2.9653594212,0.7689100863,-0.538422886,0.325135207756228,0.40465079265935,1.94267978913445,3.14383324486221,0.504325291707845,-0.735805236202746,2,1,1,2,1,1,2,2,2,2,2,2,1,4,4,4,4,4,4,4,4,4,3,1,3,3,3,3,3,4,3,4,4,4,4,4,4,4,4,3,3,3,3,3,3,3,3,3,3,3,3,3,3,3,3,3,3,3,3,3,3,3,3,3,3,3,3,3,3,3,3,3,3,3,3,3,3,3,3,3,3,3,3,3,3,3,4,4,4,4,4,4,4,4,3,3,3,3,3,3
0.3012766386,0.8186810807,4.6105585521,1.6630328225,-1.9181446126,-0.7525459488,0.290519639774196,0.893507024085403,2.40540993453499,1.35737187770947,-2.05828578131543,-0.117697994020461,2,1,3,1,1,3,1,1,3,1,1,1,2,2,2,4,2,4,2,3,4,2,4,2,3,2,2,3,3,4,4,3,3,3,4,3,3,4,3,4,4,3,3,3,3,1,3,3,1,1,3,3,3,4,3,4,4,3,4,3,4,3,4,4,3,3,3,3,3,3,3,3,3,3,3,3,1,1,1,3,3,1,1,3,3,3,3,1,1,1,1,1,3,1,3,1,3,4,3,4
0.9565226477,0.3779530692,1.7587265309,4.5823105115,1.722574702,-0.8719017428,0.964673442666276,0.312366502427484,1.82497698871673,2.15739278805171,1.03215800413854,-0.361461984788371,2,3,3,3,4,4,4,4,4,4,4,4,4,3,3,3,3,3,3,3,3,1,1,1,1,3,2,2,2,2,2,2,2,2,3,1,3,3,3,3,1,3,3,3,3,3,3,3,3,3,3,3,3,3,3,3,3,3,3,3,3,3,3,3,3,3,3,3,3,3,3,3,3,3,3,3,3,1,3,3,3,3,3,3,3,3,3,3,3,3,3,3,4,4,4,4,4,4,4,4
0.0363140011,0.4513793385,0.7523330944,3.98710733,-0.1427504538,-0.6946155942,0.0350608808108737,0.468719002371843,0.771736482911376,2.12706787730538,-0.160966069389174,-0.434964727802626,2,2,2,2,4,1,2,2,4,2,2,4,2,2,3,2,2,2,2,2,2,4,2,2,2,2,2,2,4,4,3,3,3,3,3,3,3,3,3,3,3,3,3,3,3,3,3,3,3,3,3,3,3,3,3,3,3,3,3,3,3,3,3,3,3,3,3,3,3,3,3,3,3,3,3,3,3,3,3,3,3,3,3,3,3,3,3,3,3,3,3,3,3,3,3,3,3,3,3,3
0.1451994439,0.8425753873,3.6317888169,3.995295325,0.6367107359,-1.0072212187,0.439418823997708,0.658213361948426,0.263116747358561,1.18271866231689,0.293462460292824,1.46017709020861,2,1,2,4,2,2,2,1,2,2,2,2,2,2,3,3,3,1,4,3,3,4,4,3,4,3,4,4,4,3,4,3,3,3,3,3,3,3,3,3,3,3,3,3,3,3,3,3,3,3,3,3,3,3,3,3,3,3,3,3,3,3,3,3,3,3,3,3,3,3,3,3,3,3,3,3,3,3,3,3,3,3,3,3,3,1,3,4,4,4,4,4,4,4,4,4,3,1,3,3
0.0462324689,0.7525260598,0.1524864925,3.0018678185,1.8547163785,0.790043806,0.170811061982198,0.369254345673583,0.858790493886743,1.35812289644241,1.33698681570558,0.313643673377204,2,2,2,2,2,2,2,2,2,1,1,1,3,3,3,4,4,4,4,4,4,4,4,4,4,3,1,3,3,3,3,3,3,3,3,3,3,3,3,3,3,3,3,3,3,3,4,3,3,3,3,3,3,3,3,3,4,3,3,3,3,3,3,3,3,3,4,4,3,3,3,3,3,3,3,3,3,3,3,4,3,3,3,3,3,3,3,3,3,3,3,4,4,4,3,3,3,4,3,4
0.6588944901,0.7363602709,0.9145186577,2.2751671553,-0.6408740851,-0.7906449112,0.703794928073337,0.963006647205976,0.903040196616533,2.01066254450445,-0.761028949399864,-1.32492307947721,2,2,1,2,2,2,3,3,2,2,2,2,2,2,4,2,3,2,2,4,2,2,3,2,4,2,4,4,3,4,3,3,4,3,4,3,3,4,3,3,3,1,3,3,3,3,3,3,1,3,3,3,3,3,4,3,4,3,4,3,4,3,4,3,4,3,3,4,3,4,3,3,3,3,3,3,4,3,3,3,4,3,3,3,3,3,3,3,3,3,3,3,3,3,3,4,3,4,3,4
0.0910450741,0.5508866138,0.9019309086,0.0217950207,-0.0087013932,-0.7950456673,0.0534863540136674,0.347117253037674,1.25430568538153,0.159637260420262,-0.525090982233319,-0.873407867660719,2,3,3,3,3,2,2,2,2,2,1,1,2,2,1,2,2,2,2,2,2,2,2,2,2,2,2,2,2,2,2,3,3,3,3,3,3,3,3,3,3,3,3,3,3,3,3,3,3,4,4,4,3,3,3,4,4,4,4,4,3,4,3,3,3,3,3,3,3,3,3,3,3,3,3,3,3,3,3,3,3,3,3,4,3,3,3,3,4,3,4,3,4,3,3,3,3,3,3,3
0.1419054415,0.15906496,1.1083049828,2.4326495528,1.7221949529,-1.1757886727,0.240626918941415,0.261887356172004,2.49851569197601,1.13513970809866,1.99301231775006,-0.0282810717655408,2,2,1,4,2,4,2,2,2,2,2,2,4,1,4,4,4,4,4,4,4,4,4,4,4,4,4,4,4,4,4,4,4,1,4,4,3,4,4,4,4,4,4,4,4,4,4,3,3,4,4,4,4,4,4,4,3,3,4,3,4,4,4,4,4,4,4,4,4,4,4,4,4,4,4,4,4,4,4,4,4,4,4,4,4,3,4,3,3,3,1,4,3,3,3,3,3,3,3,3
0.7138955665,0.7995690609,4.1336254815,0.5322511488,-1.0132906211,1.7481544928,0.294356507052481,0.95238018352085,0.457063273070448,0.368822852314083,-1.6598149877003,1.18558584860871,2,1,1,4,4,2,2,4,2,2,1,1,3,2,1,2,1,1,1,1,1,4,4,1,1,4,4,4,4,4,3,1,4,3,3,4,4,3,3,3,3,3,3,3,3,3,3,4,4,3,4,3,4,3,3,3,1,4,3,3,4,3,3,1,4,3,1,4,3,3,3,3,3,3,3,1,3,1,4,3,4,3,3,3,4,4,4,3,4,4,1,3,1,1,1,1,3,3,1,1
0.9230221412,0.6840448358,4.6517035641,4.1656365429,1.415309297,-0.238110208,0.950478335766186,0.733053878108367,2.26785752704605,1.92798599787691,1.23485542009762,-1.16451608263322,2,3,3,1,2,2,2,2,2,2,2,2,1,4,4,4,4,4,4,4,4,4,1,3,3,3,3,3,3,1,1,1,3,3,3,1,1,3,3,3,3,3,1,1,3,3,1,1,3,3,3,3,3,3,3,3,3,1,3,3,3,3,3,3,3,3,3,4,4,4,4,4,4,4,4,4,3,3,3,3,3,3,3,3,3,3,3,3,3,3,3,3,3,3,3,3,3,3,3,3
0.7009048279,0.220745454,3.6053692394,4.4574414929,-1.0517178087,0.7075598519,0.763299043250337,0.244551666536662,2.02608863307107,3.29792415788718,-0.96848765793074,0.32934856285774,2,1,1,1,4,4,2,2,2,3,2,3,2,4,2,2,2,1,1,2,2,2,1,1,1,1,1,1,1,1,1,1,1,1,4,1,3,1,1,1,3,3,3,3,1,1,1,1,1,1,3,3,1,1,1,1,1,3,1,1,1,1,1,1,1,1,1,1,1,1,1,1,1,1,1,1,1,1,1,1,1,1,3,4,3,3,3,3,3,4,3,4,4,3,4,4,3,4,1,4
0.2032716709,0.2286238307,4.9154615438,3.7812723265,0.5828618697,1.144854117,0.345777493523586,0.17082709553601,0.301895411914171,0.935386333805984,0.819944050905143,2.42815196417337,2,3,3,3,4,2,2,3,3,3,3,4,3,3,3,1,3,3,3,3,3,3,3,3,3,3,3,3,3,3,2,2,3,3,2,2,2,2,3,3,3,3,3,3,3,3,3,3,3,3,3,3,3,3,3,3,3,3,3,3,3,3,3,3,3,3,3,3,3,3,3,3,3,1,1,1,1,1,1,4,4,4,4,4,4,4,4,1,1,4,4,4,4,4,4,4,4,4,4,4
0.0799531791,0.4211198469,0.688995248,4.487870308,0.7651187977,-0.7333321061,0.120381716979445,0.479404953755028,0.885624918530667,2.96760381921413,0.171032667146361,-0.854218115220052,2,1,1,1,1,2,1,1,1,2,2,2,2,4,2,2,2,2,2,2,2,2,4,3,4,4,4,4,4,4,3,4,4,4,3,3,3,3,3,3,3,3,3,3,3,3,3,3,3,3,3,3,3,3,3,3,3,3,3,3,3,3,3,3,3,3,3,4,3,3,4,3,3,4,3,3,3,4,4,4,4,3,3,3,3,3,3,3,3,3,3,3,3,3,3,3,3,3,3,3
0.0533607676,0.9583093603,0.9656385921,2.0998652352,-1.1811832335,0.0930844693,0.0283351039086471,0.948071864473468,0.199054787923379,0.775525094625956,-0.842203483353424,2.70801043700702,2,1,1,1,1,4,3,3,3,3,4,3,3,2,3,3,3,4,2,3,4,2,4,2,2,2,4,3,4,3,4,4,3,3,2,2,3,3,2,3,3,3,3,3,3,3,3,3,3,3,3,3,3,3,3,3,3,3,3,3,3,3,3,3,3,3,3,3,3,3,3,3,3,3,3,3,3,3,3,3,3,3,3,3,3,3,1,1,1,1,1,4,4,4,1,1,1,1,1,1
0.76993488,0.608026549,2.2761597877,0.3424228031,1.5985893173,-1.1564025667,0.702392053064669,0.46373649431537,1.8989729431469,0.267449722416595,0.996969462050209,0.854275708331636,2,4,3,2,2,1,1,2,2,2,2,3,1,2,1,2,2,1,4,2,4,2,2,3,3,4,2,4,4,4,4,4,4,4,3,3,1,3,3,4,3,2,4,4,2,1,2,3,4,4,4,4,2,4,3,4,4,4,3,3,3,4,4,4,4,4,4,3,4,3,3,4,4,1,1,3,3,1,3,4,3,4,4,4,4,4,3,3,3,3,1,3,3,4,3,3,3,3,1,4
0.8404112402,0.7844306648,0.3055169896,1.2148662052,0.6363436956,0.3883052806,0.918036225396093,0.535126088912645,2.85866634514966,1.55397708669325,0.63688972989432,-0.510216238739747,2,1,1,2,1,2,3,4,4,4,2,4,4,2,2,2,2,2,4,4,2,2,2,2,1,2,2,2,3,2,2,3,3,3,3,3,1,3,3,1,1,3,3,3,3,3,3,3,3,3,3,3,3,3,3,3,3,3,3,3,3,3,3,3,4,3,3,3,4,4,4,4,4,4,4,4,3,3,3,3,3,3,3,3,3,3,3,4,4,4,4,4,4,4,4,3,3,3,3,3
0.9769948349,0.0521120234,0.5470674726,2.225149814,1.3290719449,-1.7730648329,0.917396867087258,0.0549055677597171,0.517899207538353,2.48287729297441,1.87652294618381,-2.30661238180729,2,4,4,4,4,4,4,4,4,4,4,1,1,2,1,1,1,1,1,2,1,1,3,2,2,1,1,1,1,4,2,1,2,2,1,1,3,1,3,2,2,2,2,3,2,1,3,3,2,4,1,3,3,4,3,2,2,2,3,3,4,2,2,2,2,2,1,1,1,2,2,2,2,2,2,2,2,2,2,2,2,2,2,1,1,1,1,1,1,1,1,4,1,1,2,1,4,2,2,4
0.5594570684,0.408462413,3.5138433482,1.0710032558,0.3160854501,-1.1594192987,0.431837038581382,0.754638105127356,2.18031726669096,0.425332777094308,0.787642629910824,-0.990451838733078,2,3,2,3,2,2,1,2,2,2,2,2,2,2,1,2,2,2,2,4,2,4,2,2,2,2,1,4,4,3,4,4,4,4,3,3,4,3,4,4,4,4,4,1,3,3,3,3,3,3,3,3,3,3,4,4,4,3,3,4,4,4,4,4,4,4,3,3,3,3,3,3,3,3,4,4,4,4,4,4,4,4,4,3,4,4,3,3,3,3,3,3,3,3,3,3,3,4,4,4
0.3227385784,0.8785375436,1.3877990068,4.6219795272,1.6610580173,1.2052714987,0.890267208607932,0.573181337135024,1.09264834583071,1.31485793194328,1.26541671947157,2.16898714836213,2,2,2,2,2,2,2,2,2,1,1,1,3,3,3,3,4,4,4,4,4,4,4,4,4,3,3,3,3,3,3,3,3,3,3,3,3,3,3,3,3,1,3,3,3,3,3,3,3,3,3,3,3,3,3,3,3,3,3,3,3,3,3,3,3,3,3,3,3,3,3,3,3,3,3,3,3,3,3,3,3,3,3,3,3,4,4,4,4,4,4,4,4,4,3,1,3,4,4,4
0.8187052134,0.8278746928,3.124379412,1.2174052916,0.2048712442,-0.0304546958,0.363694771308107,0.305942193105001,2.37946403499712,3.29724140690992,-0.4282408885465,0.523772802540938,2,1,3,1,1,1,1,3,3,3,3,1,4,3,3,3,2,2,2,2,2,2,2,2,2,2,2,4,4,4,4,4,4,4,4,4,4,3,3,3,3,1,3,3,3,3,3,3,3,3,3,3,3,3,3,4,4,4,3,4,4,4,4,4,4,4,3,3,3,3,3,3,3,3,3,3,3,3,3,3,3,3,3,4,3,4,4,4,4,4,4,4,4,3,3,4,3,3,3,3
0.2214860541,0.6372162491,0.1052694151,3.1241959906,0.9459845333,0.0406827324,0.437520542985026,0.882392272114415,1.76933105289059,1.30963325724917,1.03951485868102,1.19985158582272,2,4,4,4,4,4,4,4,4,4,1,3,3,2,2,2,2,2,2,2,2,2,1,4,3,3,1,1,3,3,3,3,3,3,1,3,3,1,3,3,3,3,3,3,3,3,4,3,3,3,3,3,3,3,3,3,4,4,4,4,4,4,4,3,3,3,3,3,3,3,3,3,3,3,3,3,3,3,3,3,3,3,3,3,3,3,3,3,3,3,3,3,3,3,3,1,3,1,3,4
0.8886938419,0.3309830224,0.4044801166,0.2172651674,-0.6297877895,1.9116278236,0.893241408671524,0.148677617712381,1.23676412559486,0.11492974424862,0.967646368113865,0.21716327964989,2,3,4,2,2,4,3,4,2,2,2,2,2,2,4,4,4,2,2,3,2,2,3,3,2,2,4,4,3,1,2,3,1,2,2,2,3,3,4,2,3,3,4,1,4,2,1,2,1,3,1,3,3,1,3,3,4,3,3,3,2,4,2,4,2,4,3,4,4,2,4,2,4,4,2,2,2,3,3,3,2,2,3,3,1,3,3,3,3,4,3,4,3,3,4,4,4,4,3,4
0.7046271611,0.1261621131,4.0078288358,2.6362650809,1.6200860136,0.4796995768,0.983977962819985,0.159025809578372,2.57407444175712,2.59193039453512,1.06778827848034,0.147853520380656,2,1,1,1,1,1,1,1,1,1,1,3,3,3,3,3,3,3,1,1,1,1,1,1,1,3,3,3,2,2,2,2,2,2,2,2,1,1,3,4,4,4,4,4,4,4,4,4,4,1,1,1,1,1,1,1,1,2,2,2,2,1,3,4,3,3,3,3,3,3,3,3,4,4,4,4,4,4,4,4,4,4,3,3,3,3,3,3,3,3,3,3,3,3,3,3,3,3,3,3
0.4675841521,0.4307930453,2.9474452917,1.9677001386,-0.2572774351,1.4870294284,0.393919858316946,0.338249187458399,3.12057806916565,1.091271959977,-0.137811625886171,0.561488592053411,2,1,1,1,1,1,2,2,2,4,2,2,2,2,2,2,2,2,2,2,2,4,3,4,3,4,4,3,4,4,4,4,4,4,4,4,3,1,3,3,3,3,3,3,3,3,3,3,3,3,3,3,3,3,3,4,3,3,3,4,4,4,4,3,3,4,4,4,3,3,3,3,3,3,3,4,4,4,3,3,3,4,4,4,4,4,4,3,3,3,3,3,3,3,3,3,3,3,3,4
0.9522189949,0.6660533281,0.4263617762,3.4983790708,1.4711462113,1.8432297425,0.745296287273563,0.459406477728872,1.62909926482123,1.79387256170568,0.687268926736614,2.37628540842903,2,2,2,2,2,2,2,2,2,1,1,1,1,1,3,3,3,3,4,4,4,4,4,4,4,4,4,3,3,3,3,3,3,3,3,3,3,3,3,3,3,3,3,3,3,3,3,3,3,3,3,3,3,3,3,3,3,3,3,3,3,3,3,3,3,3,3,3,3,3,3,3,3,3,3,3,3,3,3,3,3,3,3,3,3,4,4,4,4,4,4,4,4,4,3,4,4,4,4,4
0.3171314723,0.4982028651,1.0894765544,4.0637346712,1.6162687897,-0.2901590387,0.921932933069179,0.499674913679483,0.727430884180557,1.15075193160077,1.53576843293345,1.17414516000391,2,1,1,2,3,3,3,4,4,4,4,4,4,4,4,4,3,3,3,3,3,3,3,3,3,3,3,1,3,3,3,3,3,3,2,2,2,2,2,2,2,2,3,3,3,3,3,3,3,3,3,3,3,3,3,3,3,3,3,3,3,3,3,3,3,3,3,3,3,3,3,3,3,3,3,3,3,3,3,3,3,3,3,3,3,1,3,4,4,4,4,4,4,4,4,4,3,1,3,4
0.5659994104,0.8426230165,0.1186969184,3.5599475377,0.2591464956,-1.1564778345,0.392154634457691,0.745359143281965,0.958554282951652,2.67751230796638,0.508671451545693,-1.25516772782272,2,4,4,3,4,2,2,2,2,1,4,4,2,2,2,2,2,2,2,4,4,4,4,4,4,4,4,4,3,1,3,3,3,3,3,3,3,3,3,3,3,3,3,3,3,1,3,3,3,3,3,3,3,3,3,1,3,3,3,3,3,3,3,3,3,3,3,3,3,3,3,3,3,3,3,3,4,3,4,4,4,4,4,4,4,4,3,3,3,3,3,3,3,3,3,3,3,3,3,3
0.7798713394,0.1616606306,3.0026374407,1.0815029227,0.3487573767,-0.5209606425,0.783868415261581,0.160967565779888,1.73447201937352,0.200724200482909,-0.0265746368876125,-0.0597426172637068,2,2,2,2,2,1,1,2,2,2,2,2,2,1,2,2,3,4,1,3,3,3,1,1,1,4,3,2,3,2,2,4,1,2,2,2,2,1,4,4,4,4,4,1,4,1,4,1,3,4,3,3,4,3,3,1,4,4,3,4,4,4,4,4,4,4,4,4,4,1,4,4,2,2,2,2,2,2,2,2,2,2,2,4,1,1,3,3,4,4,4,4,4,4,4,4,4,4,3,4
0.2902734253,0.2406987339,0.5111739919,2.5217979417,0.9406451432,-0.2292894927,0.249900681897788,0.364917115426719,1.07408104886353,0.557684193486051,4.0359348654541,0.538170367649581,2,4,4,4,4,3,3,2,1,4,2,2,2,2,2,2,4,4,4,4,1,4,4,4,4,4,4,4,3,3,3,3,3,3,4,4,4,4,4,4,4,4,3,1,3,4,3,3,3,3,4,1,3,3,3,3,3,3,3,3,3,3,4,4,4,4,4,4,4,4,4,4,4,4,4,4,4,4,4,3,3,4,4,4,4,4,4,4,4,4,4,3,4,3,3,3,3,3,3,3
0.6560698372,0.2244348684,1.5283864832,1.6751539171,1.8925253637,1.7190212084,0.935915335658714,0.236470202547658,0.879012913982369,1.7830052302556,0.966609062706952,1.90898111140554,2,4,4,4,4,4,4,4,4,4,4,4,4,4,4,4,4,4,4,4,4,1,1,1,2,1,2,2,2,2,2,2,2,2,1,3,3,3,3,3,3,3,3,3,3,3,3,3,3,3,3,3,3,1,1,1,1,3,1,1,1,1,3,3,3,3,3,3,3,3,3,3,3,3,3,3,3,3,3,3,3,3,3,3,3,3,3,3,3,3,3,3,3,3,3,3,3,3,3,3
0.5029698205,0.377361865,2.1802827193,3.1035361292,-0.4857287723,-0.4386606246,0.546652759603018,0.389684854663371,2.01570354729806,2.95696475041287,-0.53822511351888,-0.656286872978583,2,2,2,1,2,1,1,2,1,1,2,3,2,2,1,2,1,2,3,4,3,4,3,3,3,3,4,4,4,3,4,4,4,3,4,4,3,4,3,4,4,4,3,3,3,3,3,4,4,3,4,3,4,3,4,3,4,3,3,4,3,3,4,4,4,3,3,3,3,4,3,4,3,4,3,3,4,3,4,4,3,4,3,4,3,3,3,3,3,3,3,3,3,3,3,3,1,3,3,4
0.7413804263,0.4938506303,4.5834382321,1.8220035793,-1.5894762927,0.0907602618,0.795601624779605,0.552695978502122,2.00153583901772,1.03082514432316,-2.21400083109201,-0.572662553026226,2,1,1,1,1,2,2,3,2,2,2,1,1,1,3,2,1,4,2,2,2,2,2,4,4,2,1,1,4,4,4,1,1,1,1,3,3,3,3,4,1,3,4,4,3,3,4,3,4,3,3,4,4,1,1,1,4,3,3,1,1,3,4,3,4,3,4,1,1,1,3,3,1,1,1,4,4,4,1,3,3,1,1,1,1,3,1,1,1,3,4,4,1,4,3,1,3,3,1,1
0.1300285476,0.181609884,1.6358815461,4.3885813309,0.1254958215,0.0118198897,0.0630777536322226,0.267542953590103,2.56681287456894,2.11537337966864,1.07618478893922,-0.523164196376001,2,3,3,3,4,4,2,2,2,2,2,2,2,2,2,2,2,2,4,4,4,4,4,2,2,2,2,3,3,3,3,3,3,3,3,3,3,3,4,4,4,4,4,3,4,4,4,4,4,3,3,3,3,3,3,3,4,3,4,4,3,3,3,3,3,3,3,3,3,3,3,3,3,4,4,4,4,3,3,3,3,3,3,3,3,3,3,3,3,3,3,3,3,3,3,3,3,3,3,3
